title,author,rate
전지적 독자 시점,UMI / 슬리피-C / ...,9.97
쇼미더럭키짱!,박태준 / 김성모,9.39
화산귀환,LICO / 비가,9.95
헬퍼 2 : 킬베로스,삭,8.90
먹는 인생,홍끼,9.96
캐슬,정연,9.97
튜토리얼 탑의 고인물,루비 / 방구석김씨,9.73
여고생 드래곤,땅콩,9.97
일렉시드,손제호 / 제나,9.83
내 남편과 결혼해줘,LICO / 성소작,9.97
쓰레기는 쓰레기통에!,EDDiERiNG,9.95
66666년 만에 환생한 흑마법사,"타루, 팀 더 지크 / 파...",9.93
여주실격!,기맹기,9.96
나쁜사람,둠스,9.82
비즈니스 여친,루즌아 / 서해,9.68
연놈,상하,9.85
세상은 돈과 권력,한동우 / 이도희,9.89
엔딩 후 서브남을 주웠다,정서 / 황도톨,9.98
고삼무쌍,B급달궁 / 하마,9.84
마른 가지에 바람처럼,화음 / 달새울,9.98
베스트 프렌드,망순,9.92
미래의 골동품 가게,구아진,9.98
그림자의 밤,융,9.96
남주의 첫날밤을 가져버렸다,티바 / MSG / 황도톨,9.98
판타지 여동생!,유누,9.85
낙원의 이론,무멘 / 정선우,9.65
하렘의 남자들,히어리 / 영빈 / 알파타...,9.95
사상최강,이단아 / 황규영,9.87
언덕 위의 제임스,쿠당탕,9.92
메모리얼,상C,9.87
귀곡의 문,삼촌,9.98
얼굴천재,지에이,9.86
고민남녀 방백커플,고태호,9.89
아도나이,주동근,9.92
칼부림,고일권,9.91
밤낚시,LICO / 디귿,9.77
가짜 동맹,케냠,9.96
수요웹툰의 나강림,이경민 / 송준혁,9.83
마녀와 용의 신혼일기,뉴릉이 / 디망 / 바리달,9.96
방탈출,십박,9.95
더 퀸즈,청민 / 이수현,9.71
헤어지면 죽음,봄소희 / KYMA,9.88
산의 시간,지님,9.77
관종교장,좌승훈,9.93
블랙홀과 3만원,김규삼 / 혜원,9.93
괴물공작의 딸,한바다 / 찬란,9.42
로어 올림푸스,레이첼 스마이스,9.93
반귀,세정,9.96
내가 죽기로 결심한 것은,YUJU,9.96
오징어도 사랑이 되나요?,젤리피쉬 / 문댄스,9.88
고등단편.zip,웹툰작가,9.83
인과관계,강환영,9.95
아이돌의 비밀 스터디,우아람,9.40
범이올시다!,해,9.98
화가 살리에르,백원달,9.95
멸종위기종인간,사하라,9.76
잿빛도 색이다,쿼시,9.83
두 번 사는 프로듀서,여로운 / 왕십리글쟁이,9.87
사랑과 평강의 온달!,한기주 / 일,9.97
반짝반짝 작은 눈,억수씨,9.94
무용과 남학생,이호진,9.91
구사일생 로맨스,곰곰 / 서정 / 수(秀)​,9.90
웰컴 온보드,다니,8.67
혁명 뒤 공주는,으앵,9.93
뱀은 꽃을 먹는가,소나음,9.80
"오직, 밝은 미래",박원희,9.84
하지만 너는 2D잖아,마주,9.82
해귀,알파A,9.85
나의 계절,박수민,9.77
구주,준치 / 조9,9.87
필생기,찬성,9.76
수호하는 너에게,김순돌,9.89
재난소년,코말랑,9.10
전지적 독자 시점,UMI / 슬리피-C / ...,9.97
쇼미더럭키짱!,박태준 / 김성모,9.39
화산귀환,LICO / 비가,9.95
헬퍼 2 : 킬베로스,삭,8.90
먹는 인생,홍끼,9.96
캐슬,정연,9.97
튜토리얼 탑의 고인물,루비 / 방구석김씨,9.73
여고생 드래곤,땅콩,9.97
일렉시드,손제호 / 제나,9.83
내 남편과 결혼해줘,LICO / 성소작,9.97
쓰레기는 쓰레기통에!,EDDiERiNG,9.95
66666년 만에 환생한 흑마법사,"타루, 팀 더 지크 / 파...",9.93
여주실격!,기맹기,9.96
나쁜사람,둠스,9.82
비즈니스 여친,루즌아 / 서해,9.68
연놈,상하,9.85
세상은 돈과 권력,한동우 / 이도희,9.89
엔딩 후 서브남을 주웠다,정서 / 황도톨,9.98
고삼무쌍,B급달궁 / 하마,9.84
마른 가지에 바람처럼,화음 / 달새울,9.98
베스트 프렌드,망순,9.92
미래의 골동품 가게,구아진,9.98
그림자의 밤,융,9.96
남주의 첫날밤을 가져버렸다,티바 / MSG / 황도톨,9.98
판타지 여동생!,유누,9.85
낙원의 이론,무멘 / 정선우,9.65
하렘의 남자들,히어리 / 영빈 / 알파타...,9.95
사상최강,이단아 / 황규영,9.87
언덕 위의 제임스,쿠당탕,9.92
메모리얼,상C,9.87
귀곡의 문,삼촌,9.98
얼굴천재,지에이,9.86
고민남녀 방백커플,고태호,9.89
아도나이,주동근,9.92
칼부림,고일권,9.91
밤낚시,LICO / 디귿,9.77
가짜 동맹,케냠,9.96
수요웹툰의 나강림,이경민 / 송준혁,9.83
마녀와 용의 신혼일기,뉴릉이 / 디망 / 바리달,9.96
방탈출,십박,9.95
더 퀸즈,청민 / 이수현,9.71
헤어지면 죽음,봄소희 / KYMA,9.88
산의 시간,지님,9.77
관종교장,좌승훈,9.93
블랙홀과 3만원,김규삼 / 혜원,9.93
괴물공작의 딸,한바다 / 찬란,9.42
로어 올림푸스,레이첼 스마이스,9.93
반귀,세정,9.96
내가 죽기로 결심한 것은,YUJU,9.96
오징어도 사랑이 되나요?,젤리피쉬 / 문댄스,9.88
고등단편.zip,웹툰작가,9.83
인과관계,강환영,9.95
아이돌의 비밀 스터디,우아람,9.40
범이올시다!,해,9.98
화가 살리에르,백원달,9.95
멸종위기종인간,사하라,9.76
잿빛도 색이다,쿼시,9.83
두 번 사는 프로듀서,여로운 / 왕십리글쟁이,9.87
사랑과 평강의 온달!,한기주 / 일,9.97
반짝반짝 작은 눈,억수씨,9.94
무용과 남학생,이호진,9.91
구사일생 로맨스,곰곰 / 서정 / 수(秀)​,9.90
웰컴 온보드,다니,8.67
혁명 뒤 공주는,으앵,9.93
뱀은 꽃을 먹는가,소나음,9.80
"오직, 밝은 미래",박원희,9.84
하지만 너는 2D잖아,마주,9.82
해귀,알파A,9.85
나의 계절,박수민,9.77
구주,준치 / 조9,9.87
필생기,찬성,9.76
수호하는 너에게,김순돌,9.89
재난소년,코말랑,9.10
전지적 독자 시점,UMI / 슬리피-C / ...,9.97
쇼미더럭키짱!,박태준 / 김성모,9.39
화산귀환,LICO / 비가,9.95
헬퍼 2 : 킬베로스,삭,8.90
먹는 인생,홍끼,9.96
캐슬,정연,9.97
튜토리얼 탑의 고인물,루비 / 방구석김씨,9.73
여고생 드래곤,땅콩,9.97
일렉시드,손제호 / 제나,9.83
내 남편과 결혼해줘,LICO / 성소작,9.97
쓰레기는 쓰레기통에!,EDDiERiNG,9.95
66666년 만에 환생한 흑마법사,"타루, 팀 더 지크 / 파...",9.93
여주실격!,기맹기,9.96
나쁜사람,둠스,9.82
비즈니스 여친,루즌아 / 서해,9.68
연놈,상하,9.85
세상은 돈과 권력,한동우 / 이도희,9.89
엔딩 후 서브남을 주웠다,정서 / 황도톨,9.98
고삼무쌍,B급달궁 / 하마,9.84
마른 가지에 바람처럼,화음 / 달새울,9.98
베스트 프렌드,망순,9.92
미래의 골동품 가게,구아진,9.98
그림자의 밤,융,9.96
남주의 첫날밤을 가져버렸다,티바 / MSG / 황도톨,9.98
판타지 여동생!,유누,9.85
낙원의 이론,무멘 / 정선우,9.65
하렘의 남자들,히어리 / 영빈 / 알파타...,9.95
사상최강,이단아 / 황규영,9.87
언덕 위의 제임스,쿠당탕,9.92
메모리얼,상C,9.87
귀곡의 문,삼촌,9.98
얼굴천재,지에이,9.86
고민남녀 방백커플,고태호,9.89
아도나이,주동근,9.92
칼부림,고일권,9.91
밤낚시,LICO / 디귿,9.77
가짜 동맹,케냠,9.96
수요웹툰의 나강림,이경민 / 송준혁,9.83
마녀와 용의 신혼일기,뉴릉이 / 디망 / 바리달,9.96
방탈출,십박,9.95
더 퀸즈,청민 / 이수현,9.71
헤어지면 죽음,봄소희 / KYMA,9.88
산의 시간,지님,9.77
관종교장,좌승훈,9.93
블랙홀과 3만원,김규삼 / 혜원,9.93
괴물공작의 딸,한바다 / 찬란,9.42
로어 올림푸스,레이첼 스마이스,9.93
반귀,세정,9.96
내가 죽기로 결심한 것은,YUJU,9.96
오징어도 사랑이 되나요?,젤리피쉬 / 문댄스,9.88
고등단편.zip,웹툰작가,9.83
인과관계,강환영,9.95
아이돌의 비밀 스터디,우아람,9.40
범이올시다!,해,9.98
화가 살리에르,백원달,9.95
멸종위기종인간,사하라,9.76
잿빛도 색이다,쿼시,9.83
두 번 사는 프로듀서,여로운 / 왕십리글쟁이,9.87
사랑과 평강의 온달!,한기주 / 일,9.97
반짝반짝 작은 눈,억수씨,9.94
무용과 남학생,이호진,9.91
구사일생 로맨스,곰곰 / 서정 / 수(秀)​,9.90
웰컴 온보드,다니,8.67
혁명 뒤 공주는,으앵,9.93
뱀은 꽃을 먹는가,소나음,9.80
"오직, 밝은 미래",박원희,9.84
하지만 너는 2D잖아,마주,9.82
해귀,알파A,9.85
나의 계절,박수민,9.77
구주,준치 / 조9,9.87
필생기,찬성,9.76
수호하는 너에게,김순돌,9.89
재난소년,코말랑,9.10
전지적 독자 시점,UMI / 슬리피-C / ...,9.97
쇼미더럭키짱!,박태준 / 김성모,9.39
화산귀환,LICO / 비가,9.95
헬퍼 2 : 킬베로스,삭,8.90
먹는 인생,홍끼,9.96
캐슬,정연,9.97
튜토리얼 탑의 고인물,루비 / 방구석김씨,9.73
여고생 드래곤,땅콩,9.97
일렉시드,손제호 / 제나,9.83
내 남편과 결혼해줘,LICO / 성소작,9.97
쓰레기는 쓰레기통에!,EDDiERiNG,9.95
66666년 만에 환생한 흑마법사,"타루, 팀 더 지크 / 파...",9.93
여주실격!,기맹기,9.96
나쁜사람,둠스,9.82
비즈니스 여친,루즌아 / 서해,9.68
연놈,상하,9.85
세상은 돈과 권력,한동우 / 이도희,9.89
엔딩 후 서브남을 주웠다,정서 / 황도톨,9.98
고삼무쌍,B급달궁 / 하마,9.84
마른 가지에 바람처럼,화음 / 달새울,9.98
베스트 프렌드,망순,9.92
미래의 골동품 가게,구아진,9.98
그림자의 밤,융,9.96
남주의 첫날밤을 가져버렸다,티바 / MSG / 황도톨,9.98
판타지 여동생!,유누,9.85
낙원의 이론,무멘 / 정선우,9.65
하렘의 남자들,히어리 / 영빈 / 알파타...,9.95
사상최강,이단아 / 황규영,9.87
언덕 위의 제임스,쿠당탕,9.92
메모리얼,상C,9.87
귀곡의 문,삼촌,9.98
얼굴천재,지에이,9.86
고민남녀 방백커플,고태호,9.89
아도나이,주동근,9.92
칼부림,고일권,9.91
밤낚시,LICO / 디귿,9.77
가짜 동맹,케냠,9.96
수요웹툰의 나강림,이경민 / 송준혁,9.83
마녀와 용의 신혼일기,뉴릉이 / 디망 / 바리달,9.96
방탈출,십박,9.95
더 퀸즈,청민 / 이수현,9.71
헤어지면 죽음,봄소희 / KYMA,9.88
산의 시간,지님,9.77
관종교장,좌승훈,9.93
블랙홀과 3만원,김규삼 / 혜원,9.93
괴물공작의 딸,한바다 / 찬란,9.42
로어 올림푸스,레이첼 스마이스,9.93
반귀,세정,9.96
내가 죽기로 결심한 것은,YUJU,9.96
오징어도 사랑이 되나요?,젤리피쉬 / 문댄스,9.88
고등단편.zip,웹툰작가,9.83
인과관계,강환영,9.95
아이돌의 비밀 스터디,우아람,9.40
범이올시다!,해,9.98
화가 살리에르,백원달,9.95
멸종위기종인간,사하라,9.76
잿빛도 색이다,쿼시,9.83
두 번 사는 프로듀서,여로운 / 왕십리글쟁이,9.87
사랑과 평강의 온달!,한기주 / 일,9.97
반짝반짝 작은 눈,억수씨,9.94
무용과 남학생,이호진,9.91
구사일생 로맨스,곰곰 / 서정 / 수(秀)​,9.90
웰컴 온보드,다니,8.67
혁명 뒤 공주는,으앵,9.93
뱀은 꽃을 먹는가,소나음,9.80
"오직, 밝은 미래",박원희,9.84
하지만 너는 2D잖아,마주,9.82
해귀,알파A,9.85
나의 계절,박수민,9.77
구주,준치 / 조9,9.87
필생기,찬성,9.76
수호하는 너에게,김순돌,9.89
재난소년,코말랑,9.10
전지적 독자 시점,UMI / 슬리피-C / ...,9.97
쇼미더럭키짱!,박태준 / 김성모,9.39
화산귀환,LICO / 비가,9.95
헬퍼 2 : 킬베로스,삭,8.90
먹는 인생,홍끼,9.96
캐슬,정연,9.97
튜토리얼 탑의 고인물,루비 / 방구석김씨,9.73
여고생 드래곤,땅콩,9.97
일렉시드,손제호 / 제나,9.83
내 남편과 결혼해줘,LICO / 성소작,9.97
쓰레기는 쓰레기통에!,EDDiERiNG,9.95
66666년 만에 환생한 흑마법사,"타루, 팀 더 지크 / 파...",9.93
여주실격!,기맹기,9.96
나쁜사람,둠스,9.82
비즈니스 여친,루즌아 / 서해,9.68
연놈,상하,9.85
세상은 돈과 권력,한동우 / 이도희,9.89
엔딩 후 서브남을 주웠다,정서 / 황도톨,9.98
고삼무쌍,B급달궁 / 하마,9.84
마른 가지에 바람처럼,화음 / 달새울,9.98
베스트 프렌드,망순,9.92
미래의 골동품 가게,구아진,9.98
그림자의 밤,융,9.96
남주의 첫날밤을 가져버렸다,티바 / MSG / 황도톨,9.98
판타지 여동생!,유누,9.85
낙원의 이론,무멘 / 정선우,9.65
하렘의 남자들,히어리 / 영빈 / 알파타...,9.95
사상최강,이단아 / 황규영,9.87
언덕 위의 제임스,쿠당탕,9.92
메모리얼,상C,9.87
귀곡의 문,삼촌,9.98
얼굴천재,지에이,9.86
고민남녀 방백커플,고태호,9.89
아도나이,주동근,9.92
칼부림,고일권,9.91
밤낚시,LICO / 디귿,9.77
가짜 동맹,케냠,9.96
수요웹툰의 나강림,이경민 / 송준혁,9.83
마녀와 용의 신혼일기,뉴릉이 / 디망 / 바리달,9.96
방탈출,십박,9.95
더 퀸즈,청민 / 이수현,9.71
헤어지면 죽음,봄소희 / KYMA,9.88
산의 시간,지님,9.77
관종교장,좌승훈,9.93
블랙홀과 3만원,김규삼 / 혜원,9.93
괴물공작의 딸,한바다 / 찬란,9.42
로어 올림푸스,레이첼 스마이스,9.93
반귀,세정,9.96
내가 죽기로 결심한 것은,YUJU,9.96
오징어도 사랑이 되나요?,젤리피쉬 / 문댄스,9.88
고등단편.zip,웹툰작가,9.83
인과관계,강환영,9.95
아이돌의 비밀 스터디,우아람,9.40
범이올시다!,해,9.98
화가 살리에르,백원달,9.95
멸종위기종인간,사하라,9.76
잿빛도 색이다,쿼시,9.83
두 번 사는 프로듀서,여로운 / 왕십리글쟁이,9.87
사랑과 평강의 온달!,한기주 / 일,9.97
반짝반짝 작은 눈,억수씨,9.94
무용과 남학생,이호진,9.91
구사일생 로맨스,곰곰 / 서정 / 수(秀)​,9.90
웰컴 온보드,다니,8.67
혁명 뒤 공주는,으앵,9.93
뱀은 꽃을 먹는가,소나음,9.80
"오직, 밝은 미래",박원희,9.84
하지만 너는 2D잖아,마주,9.82
해귀,알파A,9.85
나의 계절,박수민,9.77
구주,준치 / 조9,9.87
필생기,찬성,9.76
수호하는 너에게,김순돌,9.89
재난소년,코말랑,9.10
전지적 독자 시점,UMI / 슬리피-C / ...,9.97
쇼미더럭키짱!,박태준 / 김성모,9.39
화산귀환,LICO / 비가,9.95
헬퍼 2 : 킬베로스,삭,8.90
먹는 인생,홍끼,9.96
캐슬,정연,9.97
튜토리얼 탑의 고인물,루비 / 방구석김씨,9.73
여고생 드래곤,땅콩,9.97
일렉시드,손제호 / 제나,9.83
내 남편과 결혼해줘,LICO / 성소작,9.97
쓰레기는 쓰레기통에!,EDDiERiNG,9.95
66666년 만에 환생한 흑마법사,"타루, 팀 더 지크 / 파...",9.93
여주실격!,기맹기,9.96
나쁜사람,둠스,9.82
비즈니스 여친,루즌아 / 서해,9.68
연놈,상하,9.85
세상은 돈과 권력,한동우 / 이도희,9.89
엔딩 후 서브남을 주웠다,정서 / 황도톨,9.98
고삼무쌍,B급달궁 / 하마,9.84
마른 가지에 바람처럼,화음 / 달새울,9.98
베스트 프렌드,망순,9.92
미래의 골동품 가게,구아진,9.98
그림자의 밤,융,9.96
남주의 첫날밤을 가져버렸다,티바 / MSG / 황도톨,9.98
판타지 여동생!,유누,9.85
낙원의 이론,무멘 / 정선우,9.65
하렘의 남자들,히어리 / 영빈 / 알파타...,9.95
사상최강,이단아 / 황규영,9.87
언덕 위의 제임스,쿠당탕,9.92
메모리얼,상C,9.87
귀곡의 문,삼촌,9.98
얼굴천재,지에이,9.86
고민남녀 방백커플,고태호,9.89
아도나이,주동근,9.92
칼부림,고일권,9.91
밤낚시,LICO / 디귿,9.77
가짜 동맹,케냠,9.96
수요웹툰의 나강림,이경민 / 송준혁,9.83
마녀와 용의 신혼일기,뉴릉이 / 디망 / 바리달,9.96
방탈출,십박,9.95
더 퀸즈,청민 / 이수현,9.71
헤어지면 죽음,봄소희 / KYMA,9.88
산의 시간,지님,9.77
관종교장,좌승훈,9.93
블랙홀과 3만원,김규삼 / 혜원,9.93
괴물공작의 딸,한바다 / 찬란,9.42
로어 올림푸스,레이첼 스마이스,9.93
반귀,세정,9.96
내가 죽기로 결심한 것은,YUJU,9.96
오징어도 사랑이 되나요?,젤리피쉬 / 문댄스,9.88
고등단편.zip,웹툰작가,9.83
인과관계,강환영,9.95
아이돌의 비밀 스터디,우아람,9.40
범이올시다!,해,9.98
화가 살리에르,백원달,9.95
멸종위기종인간,사하라,9.76
잿빛도 색이다,쿼시,9.83
두 번 사는 프로듀서,여로운 / 왕십리글쟁이,9.87
사랑과 평강의 온달!,한기주 / 일,9.97
반짝반짝 작은 눈,억수씨,9.94
무용과 남학생,이호진,9.91
구사일생 로맨스,곰곰 / 서정 / 수(秀)​,9.90
웰컴 온보드,다니,8.67
혁명 뒤 공주는,으앵,9.93
뱀은 꽃을 먹는가,소나음,9.80
"오직, 밝은 미래",박원희,9.84
하지만 너는 2D잖아,마주,9.82
해귀,알파A,9.85
나의 계절,박수민,9.77
구주,준치 / 조9,9.87
필생기,찬성,9.76
수호하는 너에게,김순돌,9.89
재난소년,코말랑,9.10
전지적 독자 시점,UMI / 슬리피-C / ...,9.97
쇼미더럭키짱!,박태준 / 김성모,9.39
화산귀환,LICO / 비가,9.95
헬퍼 2 : 킬베로스,삭,8.90
먹는 인생,홍끼,9.96
캐슬,정연,9.97
튜토리얼 탑의 고인물,루비 / 방구석김씨,9.73
여고생 드래곤,땅콩,9.97
일렉시드,손제호 / 제나,9.83
내 남편과 결혼해줘,LICO / 성소작,9.97
쓰레기는 쓰레기통에!,EDDiERiNG,9.95
66666년 만에 환생한 흑마법사,"타루, 팀 더 지크 / 파...",9.93
여주실격!,기맹기,9.96
나쁜사람,둠스,9.82
비즈니스 여친,루즌아 / 서해,9.68
연놈,상하,9.85
세상은 돈과 권력,한동우 / 이도희,9.89
엔딩 후 서브남을 주웠다,정서 / 황도톨,9.98
고삼무쌍,B급달궁 / 하마,9.84
마른 가지에 바람처럼,화음 / 달새울,9.98
베스트 프렌드,망순,9.92
미래의 골동품 가게,구아진,9.98
그림자의 밤,융,9.96
남주의 첫날밤을 가져버렸다,티바 / MSG / 황도톨,9.98
판타지 여동생!,유누,9.85
낙원의 이론,무멘 / 정선우,9.65
하렘의 남자들,히어리 / 영빈 / 알파타...,9.95
사상최강,이단아 / 황규영,9.87
언덕 위의 제임스,쿠당탕,9.92
메모리얼,상C,9.87
귀곡의 문,삼촌,9.98
얼굴천재,지에이,9.86
고민남녀 방백커플,고태호,9.89
아도나이,주동근,9.92
칼부림,고일권,9.91
밤낚시,LICO / 디귿,9.77
가짜 동맹,케냠,9.96
수요웹툰의 나강림,이경민 / 송준혁,9.83
마녀와 용의 신혼일기,뉴릉이 / 디망 / 바리달,9.96
방탈출,십박,9.95
더 퀸즈,청민 / 이수현,9.71
헤어지면 죽음,봄소희 / KYMA,9.88
산의 시간,지님,9.77
관종교장,좌승훈,9.93
블랙홀과 3만원,김규삼 / 혜원,9.93
괴물공작의 딸,한바다 / 찬란,9.42
로어 올림푸스,레이첼 스마이스,9.93
반귀,세정,9.96
내가 죽기로 결심한 것은,YUJU,9.96
오징어도 사랑이 되나요?,젤리피쉬 / 문댄스,9.88
고등단편.zip,웹툰작가,9.83
인과관계,강환영,9.95
아이돌의 비밀 스터디,우아람,9.40
범이올시다!,해,9.98
화가 살리에르,백원달,9.95
멸종위기종인간,사하라,9.76
잿빛도 색이다,쿼시,9.83
두 번 사는 프로듀서,여로운 / 왕십리글쟁이,9.87
사랑과 평강의 온달!,한기주 / 일,9.97
반짝반짝 작은 눈,억수씨,9.94
무용과 남학생,이호진,9.91
구사일생 로맨스,곰곰 / 서정 / 수(秀)​,9.90
웰컴 온보드,다니,8.67
혁명 뒤 공주는,으앵,9.93
뱀은 꽃을 먹는가,소나음,9.80
"오직, 밝은 미래",박원희,9.84
하지만 너는 2D잖아,마주,9.82
해귀,알파A,9.85
나의 계절,박수민,9.77
구주,준치 / 조9,9.87
필생기,찬성,9.76
수호하는 너에게,김순돌,9.89
재난소년,코말랑,9.10
전지적 독자 시점,UMI / 슬리피-C / ...,9.97
쇼미더럭키짱!,박태준 / 김성모,9.39
화산귀환,LICO / 비가,9.95
헬퍼 2 : 킬베로스,삭,8.90
먹는 인생,홍끼,9.96
캐슬,정연,9.97
튜토리얼 탑의 고인물,루비 / 방구석김씨,9.73
여고생 드래곤,땅콩,9.97
일렉시드,손제호 / 제나,9.83
내 남편과 결혼해줘,LICO / 성소작,9.97
쓰레기는 쓰레기통에!,EDDiERiNG,9.95
66666년 만에 환생한 흑마법사,"타루, 팀 더 지크 / 파...",9.93
여주실격!,기맹기,9.96
나쁜사람,둠스,9.82
비즈니스 여친,루즌아 / 서해,9.68
연놈,상하,9.85
세상은 돈과 권력,한동우 / 이도희,9.89
엔딩 후 서브남을 주웠다,정서 / 황도톨,9.98
고삼무쌍,B급달궁 / 하마,9.84
마른 가지에 바람처럼,화음 / 달새울,9.98
베스트 프렌드,망순,9.92
미래의 골동품 가게,구아진,9.98
그림자의 밤,융,9.96
남주의 첫날밤을 가져버렸다,티바 / MSG / 황도톨,9.98
판타지 여동생!,유누,9.85
낙원의 이론,무멘 / 정선우,9.65
하렘의 남자들,히어리 / 영빈 / 알파타...,9.95
사상최강,이단아 / 황규영,9.87
언덕 위의 제임스,쿠당탕,9.92
메모리얼,상C,9.87
귀곡의 문,삼촌,9.98
얼굴천재,지에이,9.86
고민남녀 방백커플,고태호,9.89
아도나이,주동근,9.92
칼부림,고일권,9.91
밤낚시,LICO / 디귿,9.77
가짜 동맹,케냠,9.96
수요웹툰의 나강림,이경민 / 송준혁,9.83
마녀와 용의 신혼일기,뉴릉이 / 디망 / 바리달,9.96
방탈출,십박,9.95
더 퀸즈,청민 / 이수현,9.71
헤어지면 죽음,봄소희 / KYMA,9.88
산의 시간,지님,9.77
관종교장,좌승훈,9.93
블랙홀과 3만원,김규삼 / 혜원,9.93
괴물공작의 딸,한바다 / 찬란,9.42
로어 올림푸스,레이첼 스마이스,9.93
반귀,세정,9.96
내가 죽기로 결심한 것은,YUJU,9.96
오징어도 사랑이 되나요?,젤리피쉬 / 문댄스,9.88
고등단편.zip,웹툰작가,9.83
인과관계,강환영,9.95
아이돌의 비밀 스터디,우아람,9.40
범이올시다!,해,9.98
화가 살리에르,백원달,9.95
멸종위기종인간,사하라,9.76
잿빛도 색이다,쿼시,9.83
두 번 사는 프로듀서,여로운 / 왕십리글쟁이,9.87
사랑과 평강의 온달!,한기주 / 일,9.97
반짝반짝 작은 눈,억수씨,9.94
무용과 남학생,이호진,9.91
구사일생 로맨스,곰곰 / 서정 / 수(秀)​,9.90
웰컴 온보드,다니,8.67
혁명 뒤 공주는,으앵,9.93
뱀은 꽃을 먹는가,소나음,9.80
"오직, 밝은 미래",박원희,9.84
하지만 너는 2D잖아,마주,9.82
해귀,알파A,9.85
나의 계절,박수민,9.77
구주,준치 / 조9,9.87
필생기,찬성,9.76
수호하는 너에게,김순돌,9.89
재난소년,코말랑,9.10
전지적 독자 시점,UMI / 슬리피-C / ...,9.97
쇼미더럭키짱!,박태준 / 김성모,9.39
화산귀환,LICO / 비가,9.95
헬퍼 2 : 킬베로스,삭,8.90
먹는 인생,홍끼,9.96
캐슬,정연,9.97
튜토리얼 탑의 고인물,루비 / 방구석김씨,9.73
여고생 드래곤,땅콩,9.97
일렉시드,손제호 / 제나,9.83
내 남편과 결혼해줘,LICO / 성소작,9.97
쓰레기는 쓰레기통에!,EDDiERiNG,9.95
66666년 만에 환생한 흑마법사,"타루, 팀 더 지크 / 파...",9.93
여주실격!,기맹기,9.96
나쁜사람,둠스,9.82
비즈니스 여친,루즌아 / 서해,9.68
연놈,상하,9.85
세상은 돈과 권력,한동우 / 이도희,9.89
엔딩 후 서브남을 주웠다,정서 / 황도톨,9.98
고삼무쌍,B급달궁 / 하마,9.84
마른 가지에 바람처럼,화음 / 달새울,9.98
베스트 프렌드,망순,9.92
미래의 골동품 가게,구아진,9.98
그림자의 밤,융,9.96
남주의 첫날밤을 가져버렸다,티바 / MSG / 황도톨,9.98
판타지 여동생!,유누,9.85
낙원의 이론,무멘 / 정선우,9.65
하렘의 남자들,히어리 / 영빈 / 알파타...,9.95
사상최강,이단아 / 황규영,9.87
언덕 위의 제임스,쿠당탕,9.92
메모리얼,상C,9.87
귀곡의 문,삼촌,9.98
얼굴천재,지에이,9.86
고민남녀 방백커플,고태호,9.89
아도나이,주동근,9.92
칼부림,고일권,9.91
밤낚시,LICO / 디귿,9.77
가짜 동맹,케냠,9.96
수요웹툰의 나강림,이경민 / 송준혁,9.83
마녀와 용의 신혼일기,뉴릉이 / 디망 / 바리달,9.96
방탈출,십박,9.95
더 퀸즈,청민 / 이수현,9.71
헤어지면 죽음,봄소희 / KYMA,9.88
산의 시간,지님,9.77
관종교장,좌승훈,9.93
블랙홀과 3만원,김규삼 / 혜원,9.93
괴물공작의 딸,한바다 / 찬란,9.42
로어 올림푸스,레이첼 스마이스,9.93
반귀,세정,9.96
내가 죽기로 결심한 것은,YUJU,9.96
오징어도 사랑이 되나요?,젤리피쉬 / 문댄스,9.88
고등단편.zip,웹툰작가,9.83
인과관계,강환영,9.95
아이돌의 비밀 스터디,우아람,9.40
범이올시다!,해,9.98
화가 살리에르,백원달,9.95
멸종위기종인간,사하라,9.76
잿빛도 색이다,쿼시,9.83
두 번 사는 프로듀서,여로운 / 왕십리글쟁이,9.87
사랑과 평강의 온달!,한기주 / 일,9.97
반짝반짝 작은 눈,억수씨,9.94
무용과 남학생,이호진,9.91
구사일생 로맨스,곰곰 / 서정 / 수(秀)​,9.90
웰컴 온보드,다니,8.67
혁명 뒤 공주는,으앵,9.93
뱀은 꽃을 먹는가,소나음,9.80
"오직, 밝은 미래",박원희,9.84
하지만 너는 2D잖아,마주,9.82
해귀,알파A,9.85
나의 계절,박수민,9.77
구주,준치 / 조9,9.87
필생기,찬성,9.76
수호하는 너에게,김순돌,9.89
재난소년,코말랑,9.10
전지적 독자 시점,UMI / 슬리피-C / ...,9.97
쇼미더럭키짱!,박태준 / 김성모,9.39
화산귀환,LICO / 비가,9.95
헬퍼 2 : 킬베로스,삭,8.90
먹는 인생,홍끼,9.96
캐슬,정연,9.97
튜토리얼 탑의 고인물,루비 / 방구석김씨,9.73
여고생 드래곤,땅콩,9.97
일렉시드,손제호 / 제나,9.83
내 남편과 결혼해줘,LICO / 성소작,9.97
쓰레기는 쓰레기통에!,EDDiERiNG,9.95
66666년 만에 환생한 흑마법사,"타루, 팀 더 지크 / 파...",9.93
여주실격!,기맹기,9.96
나쁜사람,둠스,9.82
비즈니스 여친,루즌아 / 서해,9.68
연놈,상하,9.85
세상은 돈과 권력,한동우 / 이도희,9.89
엔딩 후 서브남을 주웠다,정서 / 황도톨,9.98
고삼무쌍,B급달궁 / 하마,9.84
마른 가지에 바람처럼,화음 / 달새울,9.98
베스트 프렌드,망순,9.92
미래의 골동품 가게,구아진,9.98
그림자의 밤,융,9.96
남주의 첫날밤을 가져버렸다,티바 / MSG / 황도톨,9.98
판타지 여동생!,유누,9.85
낙원의 이론,무멘 / 정선우,9.65
하렘의 남자들,히어리 / 영빈 / 알파타...,9.95
사상최강,이단아 / 황규영,9.87
언덕 위의 제임스,쿠당탕,9.92
메모리얼,상C,9.87
귀곡의 문,삼촌,9.98
얼굴천재,지에이,9.86
고민남녀 방백커플,고태호,9.89
아도나이,주동근,9.92
칼부림,고일권,9.91
밤낚시,LICO / 디귿,9.77
가짜 동맹,케냠,9.96
수요웹툰의 나강림,이경민 / 송준혁,9.83
마녀와 용의 신혼일기,뉴릉이 / 디망 / 바리달,9.96
방탈출,십박,9.95
더 퀸즈,청민 / 이수현,9.71
헤어지면 죽음,봄소희 / KYMA,9.88
산의 시간,지님,9.77
관종교장,좌승훈,9.93
블랙홀과 3만원,김규삼 / 혜원,9.93
괴물공작의 딸,한바다 / 찬란,9.42
로어 올림푸스,레이첼 스마이스,9.93
반귀,세정,9.96
내가 죽기로 결심한 것은,YUJU,9.96
오징어도 사랑이 되나요?,젤리피쉬 / 문댄스,9.88
고등단편.zip,웹툰작가,9.83
인과관계,강환영,9.95
아이돌의 비밀 스터디,우아람,9.40
범이올시다!,해,9.98
화가 살리에르,백원달,9.95
멸종위기종인간,사하라,9.76
잿빛도 색이다,쿼시,9.83
두 번 사는 프로듀서,여로운 / 왕십리글쟁이,9.87
사랑과 평강의 온달!,한기주 / 일,9.97
반짝반짝 작은 눈,억수씨,9.94
무용과 남학생,이호진,9.91
구사일생 로맨스,곰곰 / 서정 / 수(秀)​,9.90
웰컴 온보드,다니,8.67
혁명 뒤 공주는,으앵,9.93
뱀은 꽃을 먹는가,소나음,9.80
"오직, 밝은 미래",박원희,9.84
하지만 너는 2D잖아,마주,9.82
해귀,알파A,9.85
나의 계절,박수민,9.77
구주,준치 / 조9,9.87
필생기,찬성,9.76
수호하는 너에게,김순돌,9.89
재난소년,코말랑,9.10
